-- phpMyAdmin SQL Dump
-- version 5.2.1
-- https://www.phpmyadmin.net/
--
-- Servidor: 127.0.0.1
-- Tiempo de generación: 26-01-2024 a las 02:32:21
-- Versión del servidor: 10.4.32-MariaDB
-- Versión de PHP: 8.1.25

SET SQL_MODE = "NO_AUTO_VALUE_ON_ZERO";
START TRANSACTION;
SET time_zone = "+00:00";


/*!40101 SET @OLD_CHARACTER_SET_CLIENT=@@CHARACTER_SET_CLIENT */;
/*!40101 SET @OLD_CHARACTER_SET_RESULTS=@@CHARACTER_SET_RESULTS */;
/*!40101 SET @OLD_COLLATION_CONNECTION=@@COLLATION_CONNECTION */;
/*!40101 SET NAMES utf8mb4 */;

--
-- Base de datos: `prueba`
--

-- --------------------------------------------------------

--
-- Estructura de tabla para la tabla `clientes`
--

CREATE TABLE `clientes` (
  `id` int(11) NOT NULL,
  `dni` varchar(8) NOT NULL,
  `nombre` varchar(180) NOT NULL,
  `telefono` varchar(15) NOT NULL,
  `direccion` varchar(255) NOT NULL
) ENGINE=InnoDB DEFAULT CHARSET=utf8 COLLATE=utf8_spanish_ci;

--
-- Volcado de datos para la tabla `clientes`
--

INSERT INTO `clientes` (`id`, `dni`, `nombre`, `telefono`, `direccion`) VALUES
(2, '299911', 'jhonier ', '97834111', 'ibarra '),
(3, '20000', 'daniel', '093331211', 'Quito');

-- --------------------------------------------------------

--
-- Estructura de tabla para la tabla `config`
--

CREATE TABLE `config` (
  `id` int(11) NOT NULL,
  `ruc` int(15) NOT NULL,
  `nombre` varchar(255) NOT NULL,
  `telefono` int(11) NOT NULL,
  `direccion` text NOT NULL,
  `mensaje` varchar(255) NOT NULL
) ENGINE=InnoDB DEFAULT CHARSET=utf8 COLLATE=utf8_spanish_ci;

--
-- Volcado de datos para la tabla `config`
--

INSERT INTO `config` (`id`, `ruc`, `nombre`, `telefono`, `direccion`, `mensaje`) VALUES
(1, 20201010, 'EDGAR VALENCIA ', 893415151, 'Ibarra - Ecuador', 'Vive tus Video juegos ');

-- --------------------------------------------------------

--
-- Estructura de tabla para la tabla `detalle`
--

CREATE TABLE `detalle` (
  `id` int(11) NOT NULL,
  `id_pro` int(11) NOT NULL,
  `cantidad` int(11) NOT NULL,
  `precio` decimal(10,2) NOT NULL,
  `id_venta` int(11) NOT NULL
) ENGINE=InnoDB DEFAULT CHARSET=utf8 COLLATE=utf8_spanish_ci;

--
-- Volcado de datos para la tabla `detalle`
--

INSERT INTO `detalle` (`id`, `id_pro`, `cantidad`, `precio`, `id_venta`) VALUES
(5, 2, 1, 1000.00, 5),
(6, 2, 1, 1000.00, 6),
(7, 2, 1, 1000.00, 7),
(8, 2, 1, 1000.00, 8),
(9, 2, 1, 1000.00, 9),
(10, 2, 1, 1000.00, 10),
(11, 2, 1, 1000.00, 11),
(12, 4, 1, 500.00, 12),
(13, 6, 1, 500.00, 13);

-- --------------------------------------------------------

--
-- Estructura de tabla para la tabla `productos`
--

CREATE TABLE `productos` (
  `id` int(11) NOT NULL,
  `codigo` varchar(20) NOT NULL,
  `nombre` text NOT NULL,
  `proveedor` int(11) NOT NULL,
  `stock` int(11) NOT NULL,
  `precio` decimal(10,2) NOT NULL
) ENGINE=InnoDB DEFAULT CHARSET=utf8 COLLATE=utf8_spanish_ci;

--
-- Volcado de datos para la tabla `productos`
--

INSERT INTO `productos` (`id`, `codigo`, `nombre`, `proveedor`, `stock`, `precio`) VALUES
(2, '1000', 'xbox series s', 2, 9, 1000.00),
(4, '300', 'PS5', 2, 5, 500.00),
(5, '3022', 'Nintendo swtich', 3, 5, 300.00),
(6, '50000', 'Dualsense', 3, 1, 500.00);

-- --------------------------------------------------------

--
-- Estructura de tabla para la tabla `proveedor`
--

CREATE TABLE `proveedor` (
  `id` int(11) NOT NULL,
  `ruc` varchar(15) NOT NULL,
  `nombre` varchar(255) NOT NULL,
  `telefono` varchar(15) NOT NULL,
  `direccion` varchar(255) NOT NULL
) ENGINE=InnoDB DEFAULT CHARSET=utf8 COLLATE=utf8_spanish_ci;

--
-- Volcado de datos para la tabla `proveedor`
--

INSERT INTO `proveedor` (`id`, `ruc`, `nombre`, `telefono`, `direccion`) VALUES
(2, '10101011', 'edgar', '0893415151', 'ibarra '),
(3, '102030', 'Agustín', '098431616', 'Santo Domingo '),
(4, '1249322593750', 'Kenneth', '0993722233', 'ibarra');

-- --------------------------------------------------------

--
-- Estructura de tabla para la tabla `usuarios`
--

CREATE TABLE `usuarios` (
  `id` int(11) NOT NULL,
  `nombre` varchar(200) NOT NULL,
  `correo` varchar(200) NOT NULL,
  `pass` varchar(50) NOT NULL,
  `rol` varchar(20) NOT NULL
) ENGINE=InnoDB DEFAULT CHARSET=utf8 COLLATE=utf8_spanish_ci;

--
-- Volcado de datos para la tabla `usuarios`
--

INSERT INTO `usuarios` (`id`, `nombre`, `correo`, `pass`, `rol`) VALUES
(3, 'Jhonnier', 'Jhonier-16@live.com', '1234', 'Administrador'),
(4, 'Glenda', 'glenliza19@outlook.com', '12345', 'Administrador'),
(5, 'peksu007', 'pepito2004@gmail.com', 'perro', 'Administrador'),
(6, 'Bombaxic', 'Aaron@gmail.com', 'admind123.', 'Administrador'),
(7, 'Holger', 'Holger_7@gmail.com', '1234', 'Asistente');

-- --------------------------------------------------------

--
-- Estructura de tabla para la tabla `ventas`
--

CREATE TABLE `ventas` (
  `id` int(11) NOT NULL,
  `cliente` int(11) NOT NULL,
  `vendedor` varchar(60) NOT NULL,
  `total` decimal(10,2) NOT NULL,
  `fecha` varchar(20) NOT NULL
) ENGINE=InnoDB DEFAULT CHARSET=utf8 COLLATE=utf8_spanish_ci;

--
-- Volcado de datos para la tabla `ventas`
--

INSERT INTO `ventas` (`id`, `cliente`, `vendedor`, `total`, `fecha`) VALUES
(5, 2, 'Jhonnier', 1000.00, '24/01/2024'),
(6, 2, 'Jhonnier', 1000.00, '25/01/2024'),
(7, 2, 'Jhonnier', 1000.00, '25/01/2024'),
(8, 2, 'Jhonnier', 1000.00, '25/01/2024'),
(9, 2, 'Jhonnier', 1000.00, '25/01/2024'),
(10, 2, 'Jhonnier', 1000.00, '25/01/2024'),
(11, 2, 'Jhonnier', 1000.00, '25/01/2024'),
(12, 2, 'Jhonnier', 500.00, '25/01/2024'),
(13, 2, 'Jhonnier', 500.00, '25/01/2024');

--
-- Índices para tablas volcadas
--

--
-- Indices de la tabla `clientes`
--
ALTER TABLE `clientes`
  ADD PRIMARY KEY (`id`);

--
-- Indices de la tabla `config`
--
ALTER TABLE `config`
  ADD PRIMARY KEY (`id`);

--
-- Indices de la tabla `detalle`
--
ALTER TABLE `detalle`
  ADD PRIMARY KEY (`id`),
  ADD KEY `id_venta` (`id_venta`),
  ADD KEY `id_pro` (`id_pro`);

--
-- Indices de la tabla `productos`
--
ALTER TABLE `productos`
  ADD PRIMARY KEY (`id`),
  ADD KEY `proveedor` (`proveedor`);

--
-- Indices de la tabla `proveedor`
--
ALTER TABLE `proveedor`
  ADD PRIMARY KEY (`id`);

--
-- Indices de la tabla `usuarios`
--
ALTER TABLE `usuarios`
  ADD PRIMARY KEY (`id`);

--
-- Indices de la tabla `ventas`
--
ALTER TABLE `ventas`
  ADD PRIMARY KEY (`id`),
  ADD KEY `cliente` (`cliente`);

--
-- AUTO_INCREMENT de las tablas volcadas
--

--
-- AUTO_INCREMENT de la tabla `clientes`
--
ALTER TABLE `clientes`
  MODIFY `id` int(11) NOT NULL AUTO_INCREMENT, AUTO_INCREMENT=4;

--
-- AUTO_INCREMENT de la tabla `config`
--
ALTER TABLE `config`
  MODIFY `id` int(11) NOT NULL AUTO_INCREMENT, AUTO_INCREMENT=2;

--
-- AUTO_INCREMENT de la tabla `detalle`
--
ALTER TABLE `detalle`
  MODIFY `id` int(11) NOT NULL AUTO_INCREMENT, AUTO_INCREMENT=14;

--
-- AUTO_INCREMENT de la tabla `productos`
--
ALTER TABLE `productos`
  MODIFY `id` int(11) NOT NULL AUTO_INCREMENT, AUTO_INCREMENT=7;

--
-- AUTO_INCREMENT de la tabla `proveedor`
--
ALTER TABLE `proveedor`
  MODIFY `id` int(11) NOT NULL AUTO_INCREMENT, AUTO_INCREMENT=5;

--
-- AUTO_INCREMENT de la tabla `usuarios`
--
ALTER TABLE `usuarios`
  MODIFY `id` int(11) NOT NULL AUTO_INCREMENT, AUTO_INCREMENT=8;

--
-- AUTO_INCREMENT de la tabla `ventas`
--
ALTER TABLE `ventas`
  MODIFY `id` int(11) NOT NULL AUTO_INCREMENT, AUTO_INCREMENT=14;

--
-- Restricciones para tablas volcadas
--

--
-- Filtros para la tabla `detalle`
--
ALTER TABLE `detalle`
  ADD CONSTRAINT `detalle_ibfk_1` FOREIGN KEY (`id_pro`) REFERENCES `productos` (`id`) ON DELETE CASCADE ON UPDATE CASCADE,
  ADD CONSTRAINT `detalle_ibfk_2` FOREIGN KEY (`id_venta`) REFERENCES `ventas` (`id`) ON DELETE CASCADE ON UPDATE CASCADE;

--
-- Filtros para la tabla `productos`
--
ALTER TABLE `productos`
  ADD CONSTRAINT `productos_ibfk_1` FOREIGN KEY (`proveedor`) REFERENCES `proveedor` (`id`) ON DELETE CASCADE ON UPDATE CASCADE;

--
-- Filtros para la tabla `ventas`
--
ALTER TABLE `ventas`
  ADD CONSTRAINT `ventas_ibfk_1` FOREIGN KEY (`cliente`) REFERENCES `clientes` (`id`) ON DELETE CASCADE ON UPDATE CASCADE;
COMMIT;

/*!40101 SET CHARACTER_SET_CLIENT=@OLD_CHARACTER_SET_CLIENT */;
/*!40101 SET CHARACTER_SET_RESULTS=@OLD_CHARACTER_SET_RESULTS */;
/*!40101 SET COLLATION_CONNECTION=@OLD_COLLATION_CONNECTION */;
